trans_id,translation,lang
STIB,STIB,fr
STIB,MIVB,nl
https://www.stib-mivb.be,https://www.stib-mivb.be/index.htm?l=fr,fr
https://www.stib-mivb.be,https://www.stib-mivb.be/index.htm?l=nl,nl
ABBAYE,Abbaye,fr
ABBAYE,Abdij,nl
ACACIAS,Acacias,fr
ACACIAS,Acacia,nl
ADEPS,ADEPS,fr
ADEPS,ADEPS,nl
AERODROME,Aérodrome,fr
AERODROME,Vliegveld,nl
ALBERT,Albert,fr
ALBERT,Albert,nl
ALBERT I,Albert I,fr
ALBERT I,Albert I,nl
ALBERT II,Albert II,fr
ALBERT II,Albert II,nl
ALCYONS,Alcyons,fr
ALCYONS,Alcyons,nl
ALMA,Alma,fr
ALMA,Alma,nl
ALPHONSE XIII,Alphonse XIII,fr
ALPHONSE XIII,Alphonse XIII,nl
ALTITUDE CENT,Altitude Cent,fr
ALTITUDE CENT,Hoogte Honderd,nl
AMBIORIX,Ambiorix,fr
AMBIORIX,Ambiorix,nl
AMELIE GOMAND,Amélie Gomand,fr
AMELIE GOMAND,Amélie Gomand,nl
AMETHYSTE,Améthyste,fr
AMETHYSTE,Amethist,nl
AMITIE,Amitié,fr
AMITIE,Vriendschap,nl
ANATOLE FRANCE,Anatole France,fr
ANATOLE FRANCE,Anatole France,nl
ANCIENNE BARRIERE,Ancienne Barrière,fr
ANCIENNE BARRIERE,Oude Afspanning,nl
ANCRE,Ancre,fr
ANCRE,Anker,nl
ANDREE DE JONGH,Andrée De Jongh,fr
ANDREE DE JONGH,Andrée De Jongh,nl
ANDROMEDE,Andromède,fr
ANDROMEDE,Andromeda,nl
ANNECY,Annecy,fr
ANNECY,Annecy,nl
ANNEESSENS,Anneessens,fr
ANNEESSENS,Anneessens,nl
AQUIRIS,Aquiris,fr
AQUIRIS,Aquiris,nl
ARAUCARIA,Araucaria,fr
ARAUCARIA,Araucaria,nl
ARBRE BALLON,Arbre Ballon,fr
ARBRE BALLON,Dikke Beuk,nl
ARBRE UNIQUE,Arbre Unique,fr
ARBRE UNIQUE,Eenboom,nl
ARCADES,Arcades,fr
ARCADES,Arcaden,nl
ARCHIDUCS,Archiducs,fr
ARCHIDUCS,Aartshertogen,nl
ARENBERG,Arenberg,fr
ARENBERG,Arenberg,nl
ARIANE,Ariane,fr
ARIANE,Ariane,nl
ARISTIDE BRIAND,Aristide Briand,fr
ARISTIDE BRIAND,Aristide Briand,nl
ARSENAL,Arsenal,fr
ARSENAL,Arsenaal,nl
ARTEMIS,Artémis,fr
ARTEMIS,Artémis,nl
ARTISTES,Artistes,fr
ARTISTES,Kunstenaars,nl
ARTS ET METIERS,Arts et Métiers,fr
ARTS ET METIERS,Arts et Métiers,nl
ARTS-LOI,Arts-Loi,fr
ARTS-LOI,Kunst-Wet,nl
AUDERGHEM-FORET,Auderghem-Forêt,fr
AUDERGHEM-FORET,Oudergem-Woud,nl
AUDERGHEM-SHOP.,Auderghem-Shopping,fr
AUDERGHEM-SHOP.,Oudergem-Shopping,nl
AUDITOIRES-UCL,Auditoires-UCL,fr
AUDITOIRES-UCL,Auditoires-UCL,nl
AUDREY HEPBURN,Audrey Hepburn,fr
AUDREY HEPBURN,Audrey Hepburn,nl
AULNE,Aulne,fr
AULNE,Elzeboom,nl
AUMALE,Aumale,fr
AUMALE,Aumale,nl
AUTRIQUE,Autrique,fr
AUTRIQUE,Autrique,nl
AVANT-PORT,Avant-Port,fr
AVANT-PORT,Voorhaven,nl
AVENUE DU ROI,Avenue du Roi,fr
AVENUE DU ROI,Koningslaan,nl
AVIATION,Aviation,fr
AVIATION,Luchtvaart,nl
AZALEES,Azalées,fr
AZALEES,Azalea,nl
AZUR,Azur,fr
AZUR,Azuur,nl
BAILLI,Bailli,fr
BAILLI,Baljuw,nl
BAN-EIK,Ban-Eik,fr
BAN-EIK,Ban-Eik,nl
BARA,Bara,fr
BARA,Bara,nl
BARON DE CASTRO,Baron de Castro,fr
BARON DE CASTRO,Baron de Castro,nl
BARRIERE,Barrière,fr
BARRIERE,Bareel,nl
BASCULE,Bascule,fr
BASCULE,Bascule,nl
BASILIX,Basilix,fr
BASILIX,Basilix,nl
BASTOGNE,Bastogne,fr
BASTOGNE,Bastenaken,nl
BEAULIEU,Beaulieu,fr
BEAULIEU,Beaulieu,nl
BEAUTE,Beauté,fr
BEAUTE,Schoonheid,nl
BEECKMANS,Beeckmans,fr
BEECKMANS,Beeckmans,nl
BEEKKANT,Beekkant,fr
BEEKKANT,Beekkant,nl
BEERSELLAAN,Beersellaan,fr
BEERSELLAAN,Beersellaan,nl
BEL-AIR,Bel-Air,fr
BEL-AIR,Schone Lucht,nl
BELGICA,Belgica,fr
BELGICA,Belgica,nl
BEMPT,Bempt,fr
BEMPT,Bempt,nl
BENES,Bénès,fr
BENES,Bénès,nl
BENS,Bens,fr
BENS,Bens,nl
BERCHEM-SHOPPING,Berchem-Shopping,fr
BERCHEM-SHOPPING,Berchem-Shopping,nl
BERENSHEIDE,Berensheide,fr
BERENSHEIDE,Berensheide,nl
BERGDAL,Bergdal,fr
BERGDAL,Bergdal,nl
BERGOJE,Bergoje,fr
BERGOJE,Bergoje,nl
BERKENDAEL,Berkendael,fr
BERKENDAEL,Berkendaal,nl
BERTHELOT,Berthelot,fr
BERTHELOT,Berthelot,nl
BERVOETS,Bervoets,fr
BERVOETS,Bervoets,nl
BESME,Besme,fr
BESME,Besme,nl
BETHLEEM,Bethléem,fr
BETHLEEM,Bethlehem,nl
BEYSEGHEM,Beyseghem,fr
BEYSEGHEM,Beizegem,nl
BIARRITZ,Biarritz,fr
BIARRITZ,Biarritz,nl
BICHON,Bichon,fr
BICHON,Bichon,nl
BICOQUE,Bicoque,fr
BICOQUE,Bicoque,nl
BIEBUYCK,Biebuyck,fr
BIEBUYCK,Biebuyck,nl
BIEN-FAIRE,Bien-Faire,fr
BIEN-FAIRE,Bien-Faire,nl
BIENFAITEURS,Bienfaiteurs,fr
BIENFAITEURS,Weldoeners,nl
BIGARREAUX,Bigarreaux,fr
BIGARREAUX,Vleeskersen,nl
BIPLAN,Biplan,fr
BIPLAN,Tweedekker,nl
BIZET,Bizet,fr
BIZET,Bizet,nl
BLOKKEN,Blokken,fr
BLOKKEN,Blokken,nl
BLYCKAERTS,Blyckaerts,fr
BLYCKAERTS,Blyckaerts,nl
BOCKSTAEL,Bockstael,fr
BOCKSTAEL,Bockstael,nl
BOETENDAEL,Boetendael,fr
BOETENDAEL,Boetendael,nl
BOILEAU,Boileau,fr
BOILEAU,Boileau,nl
BOIS DES ILES,Bois des Îles,fr
BOIS DES ILES,Eilandenhout,nl
BOITSFORT GARE,Boitsfort Gare,fr
BOITSFORT GARE,Bosvoorde Station,nl
BOLLINCKX,Bollinckx,fr
BOLLINCKX,Bollinckx,nl
BON AIR,Bon Air,fr
BON AIR,Goede Lucht,nl
BONAVENTURE,Bonaventure,fr
BONAVENTURE,Bonaventure,nl
BOONDAEL GARE,Boondael Gare,fr
BOONDAEL GARE,Boondaal Station,nl
BORDET STATION,Bordet Station,fr
BORDET STATION,Bordet Station,nl
BORNE,Borne,fr
BORNE,Paal,nl
BOSSAERT-BASILIQ.,Bossaert-Basilique,fr
BOSSAERT-BASILIQ.,Bossaert-Basiliek,nl
BOSSUET,Bossuet,fr
BOSSUET,Bossuet,nl
BOTANIQUE,Botanique,fr
BOTANIQUE,Kruidtuin,nl
BOULE ET BILL,Boule et Bill,fr
BOULE ET BILL,Bollie en Billie,nl
BOULEAUX,Bouleaux,fr
BOULEAUX,Berken,nl
BOURDON,Bourdon,fr
BOURDON,Horzel,nl
BOURGET,Bourget,fr
BOURGET,Bourget,nl
BOURSE,Bourse,fr
BOURSE,Beurs,nl
BOZAR,Bozar,fr
BOZAR,Bozar,nl
BRABANCONNE,Brabançonne,fr
BRABANCONNE,Brabançonne,nl
BRAEMT,Braemt,fr
BRAEMT,Braemt,nl
BRAVES,Braves,fr
BRAVES,Dapperen,nl
BREMER,Bremer,fr
BREMER,Bremer,nl
BRESIL,Brésil,fr
BRESIL,Brazilië,nl
BREYDEL,Breydel,fr
BREYDEL,Breydel,nl
BRILLANT,Brillant,fr
BRILLANT,Briljant,nl
BROEK,Broek,fr
BROEK,Broek,nl
BROEREN,Broeren,fr
BROEREN,Broeren,nl
BROUSTIN,Broustin,fr
BROUSTIN,Broustin,nl
BRUNARD,Brunard,fr
BRUNARD,Brunard,nl
BRUSSELS AIRPORT,Brussels Airport,fr
BRUSSELS AIRPORT,Brussels Airport,nl
BRUSSELSESTEENWEG,Brusselsesteenweg,fr
BRUSSELSESTEENWEG,Brusselsesteenweg,nl
BRUXELLOIS,Bruxellois,fr
BRUXELLOIS,Brusselaars,nl
BUANDERIE,Buanderie,fr
BUANDERIE,Washuis,nl
BUDA,Buda,fr
BUDA,Buda,nl
BUEDTS,Buedts,fr
BUEDTS,Buedts,nl
BUISSONNETS,Buissonnets,fr
BUISSONNETS,Braambosjes,nl
BUYL,Buyl,fr
BUYL,Buyl,nl
CABRIS,Cabris,fr
CABRIS,Geitjes,nl
CALYPSO 2000,Calypso 2000,fr
CALYPSO 2000,Calypso 2000,nl
CAMBRE-ETOILE,Cambre-Étoile,fr
CAMBRE-ETOILE,Ter Kameren-Ster,nl
CAMPUS CERIA,Campus CERIA,fr
CAMPUS CERIA,Campus COOVI,nl
CANDRIES,Candries,fr
CANDRIES,Candries,nl
CAPRICORNE,Capricorne,fr
CAPRICORNE,Steenbok,nl
CARENE,Carène,fr
CARENE,Carina,nl
CARLI,Carli,fr
CARLI,Carli,nl
CARREFOUR STALLE,Carrefour Stalle,fr
CARREFOUR STALLE,Kruispunt Stalle,nl
CAVELL,Cavell,fr
CAVELL,Cavell,nl
CERES,Ceres,fr
CERES,Ceres,nl
CERIA,CERIA,fr
CERIA,COOVI,nl
CERISAIE,Cerisaie,fr
CERISAIE,Kerseboomgaard,nl
CESAR DE PAEPE,César De Paepe,fr
CESAR DE PAEPE,César De Paepe,nl
CHANT D'OISEAU,Chant d'Oiseau,fr
CHANT D'OISEAU,Vogelzang,nl
CHAPELLE,Chapelle,fr
CHAPELLE,Kapellekerk,nl
CHARMILLE,Charmille,fr
CHARMILLE,Haagbeuken,nl
CHARROI,Charroi,fr
CHARROI,Gerij,nl
CHASSEURS ARDEN.,Chasseurs Ardennais,fr
CHASSEURS ARDEN.,Ardense Jagers,nl
CHATAIGNES,Châtaignes,fr
CHATAIGNES,Kastanjes,nl
CHAUMONTEL,Chaumontel,fr
CHAUMONTEL,Chaumontel,nl
CHAZAL,Chazal,fr
CHAZAL,Chazal,nl
CHEMIN DE FER,Chemin de Fer,fr
CHEMIN DE FER,Spoorweg,nl
CHEMIN VERT,Chemin Vert,fr
CHEMIN VERT,Groenweg,nl
CHENAIE,Chênaie,fr
CHENAIE,Eikenbos,nl
CHEVALERIE,Chevalerie,fr
CHEVALERIE,Ridderschap,nl
CHIEN VERT,Chien Vert,fr
CHIEN VERT,Groene Hond,nl
CHIREC,CHIREC,fr
CHIREC,CHIREC,nl
CHOPIN,Chopin,fr
CHOPIN,Chopin,nl
CHURCHILL,Churchill,fr
CHURCHILL,Churchill,nl
CICERON,Cicéron,fr
CICERON,Cicero,nl
CIM. D'IXELLES,Cimetière d'Ixelles,fr
CIM. D'IXELLES,Begraafplaats van Elsene,nl
CIM. DE BRUXELLES,Cimetière de Bruxelles,fr
CIM. DE BRUXELLES,Begraafplaats van Brussel,nl
CIM. DE JETTE,Cimetière de Jette,fr
CIM. DE JETTE,Kerkhof van Jette,nl
CIM. DE MOLENBEEK,Cimetière de Molenbeek,fr
CIM. DE MOLENBEEK,Begraafplaats van Molenbeek,nl
CIMETIERES,Cimetières,fr
CIMETIERES,Begraafplaatsen,nl
CLAYS,Clays,fr
CLAYS,Clays,nl
CLEMENCE EVERARD,Clémence Everard,fr
CLEMENCE EVERARD,Clémence Everard,nl
CLEMENCEAU,Clemenceau,fr
CLEMENCEAU,Clemenceau,nl
CLESSE,Clesse,fr
CLESSE,Clesse,nl
CLINIQUES-UCL,Cliniques-UCL,fr
CLINIQUES-UCL,Cliniques-UCL,nl
CLOVIS,Clovis,fr
CLOVIS,Clovis,nl
COCCINELLES,Coccinelles,fr
COCCINELLES,Lieveheersbeestjes,nl
COGHEN,Coghen,fr
COGHEN,Coghen,nl
COLIGNON,Colignon,fr
COLIGNON,Colignon,nl
COLLEGE S.-COEUR,Collège Sacré-Cœur,fr
COLLEGE S.-COEUR,Heilig Hartcollege,nl
COLLEGE ST-PIERRE,Collège Saint-Pierre,fr
COLLEGE ST-PIERRE,Sint-Pieterscollege,nl
COLOMBOPHILES,Colombophiles,fr
COLOMBOPHILES,Duivenmelkers,nl
COLONEL BOURG,Colonel Bourg,fr
COLONEL BOURG,Kolonel Bourg,nl
COMBAZ,Combaz,fr
COMBAZ,Combaz,nl
COMHAIRE,Comhaire,fr
COMHAIRE,Comhaire,nl
COMTE DE FLANDRE,Comte de Flandre,fr
COMTE DE FLANDRE,Graaf van Vlaanderen,nl
CONDOR,Condor,fr
CONDOR,Condor,nl
CONGRES,Congrès,fr
CONGRES,Congres,nl
CONSCIENCE,Conscience,fr
CONSCIENCE,Conscience,nl
CONSEIL,Conseil,fr
CONSEIL,Raad,nl
CORTENBACH,Cortenbach,fr
CORTENBACH,Kortenbach,nl
COTEAUX,Côteaux,fr
COTEAUX,Wijnheuvelen,nl
CRAETBOS,Craetbos,fr
CRAETBOS,Craetbos,nl
CRAINHEM,Crainhem,fr
CRAINHEM,Kraainem,nl
CREMATORIUM,Crematorium,fr
CREMATORIUM,Crematorium,nl
CROCQ,Crocq,fr
CROCQ,Crocq,nl
CROIX DE GUERRE,Croix de Guerre,fr
CROIX DE GUERRE,Oorlogskruisen,nl
CROSSING,Crossing,fr
CROSSING,Crossing,nl
CUREGHEM,Cureghem,fr
CUREGHEM,Kuregem,nl
DA VINCI,Da Vinci,fr
DA VINCI,Da Vinci,nl
DAILLY,Dailly,fr
DAILLY,Dailly,nl
DANSAERT,Dansaert,fr
DANSAERT,Dansaert,nl
DARWIN,Darwin,fr
DARWIN,Darwin,nl
DAUTZENBERG,Dautzenberg,fr
DAUTZENBERG,Dautzenberg,nl
DE BERLAIMONT,de Berlaimont,fr
DE BERLAIMONT,de Berlaimont,nl
DE BROUCKERE,De Brouckère,fr
DE BROUCKERE,De Brouckère,nl
DE BURBURE,de Burbure,fr
DE BURBURE,de Burbure,nl
DE HEYN,De Heyn,fr
DE HEYN,De Heyn,nl
DE LINDE,De Linde,fr
DE LINDE,De Linde,nl
DE LOMBAERDE,de Lombaerde,fr
DE LOMBAERDE,de Lombaerde,nl
DE VILLALOBAR,de Villalobar,fr
DE VILLALOBAR,de Villalobar,nl
DE VILLEGAS,de Villegas,fr
DE VILLEGAS,de Villegas,nl
DE WAND,De Wand,fr
DE WAND,De Wand,nl
DE WANSIJN,De Wansijn,fr
DE WANSIJN,De Wansijn,nl
DEBUSSY,Debussy,fr
DEBUSSY,Debussy,nl
DECROLY,Decroly,fr
DECROLY,Decroly,nl
DEFACQZ,Defacqz,fr
DEFACQZ,Defacqz,nl
DEGROOFF,Degrooff,fr
DEGROOFF,Degrooff,nl
DELACROIX,Delacroix,fr
DELACROIX,Delacroix,nl
DELHOVE,Delhove,fr
DELHOVE,Delhove,nl
DELLEUR,Delleur,fr
DELLEUR,Delleur,nl
DELPORTE,Delporte,fr
DELPORTE,Delporte,nl
DELTA,Delta,fr
DELTA,Delta,nl
DEMEY,Demey,fr
DEMEY,Demey,nl
DEMINEURS,Démineurs,fr
DEMINEURS,Ontmijners,nl
DEMOLDER,Demolder,fr
DEMOLDER,Demolder,nl
DEPORTES,Déportés,fr
DEPORTES,Weggevoerden,nl
DESTOUVELLES,Destouvelles,fr
DESTOUVELLES,Destouvelles,nl
DEUTSCHE SCHULE,Deutsche Schule,fr
DEUTSCHE SCHULE,Deutsche Schule,nl
DEUX CHAUSSEES,Deux Chaussées,fr
DEUX CHAUSSEES,Tweesteenwegen,nl
DEUX GARES,Deux Gares,fr
DEUX GARES,Twee Stations,nl
DIABLOTINS,Diablotins,fr
DIABLOTINS,Duiveltjes,nl
DIABOLO,Diabolo,fr
DIABOLO,Diabolo,nl
DIAMANT,Diamant,fr
DIAMANT,Diamant,nl
DIEGEMSTRAAT,Diegemstraat,fr
DIEGEMSTRAAT,Diegemstraat,nl
DIELEGHEM,Dieleghem,fr
DIELEGHEM,Dielegem,nl
DIEWEG,Dieweg,fr
DIEWEG,Dieweg,nl
DIGUE DU CANAL,Digue du Canal,fr
DIGUE DU CANAL,Vaartdijk,nl
DIRECTOIRE,Directoire,fr
DIRECTOIRE,Directoire,nl
DIVIN SAUVEUR,Divin Sauveur,fr
DIVIN SAUVEUR,Goddelijke Zaligmaker,nl
DOCKS BRUXSEL,Docks Bruxsel,fr
DOCKS BRUXSEL,Docks Bruxsel,nl
DOMAINE,Domaine,fr
DOMAINE,Domein,nl
DON BOSCO,Don Bosco,fr
DON BOSCO,Don Bosco,nl
DOUVRES,Douvres,fr
DOUVRES,Dover,nl
DREVE DE NIVELLES,Drève de Nivelles,fr
DREVE DE NIVELLES,Nijvelsedreef,nl
DRIES,Dries,fr
DRIES,Dries,nl
DROGENBOS,Drogenbos,fr
DROGENBOS,Drogenbos,nl
DROGENBOS-SHOP.,Drogenbos-Shopping,fr
DROGENBOS-SHOP.,Drogenbos-Shopping,nl
DROSSART,Drossart,fr
DROSSART,Drossaard,nl
DUBOIS,Dubois,fr
DUBOIS,Dubois,nl
DUCHESSE BRABANT,Duchesse de Brabant,fr
DUCHESSE BRABANT,Hertogin van Brabant,nl
DUDEN,Duden,fr
DUDEN,Duden,nl
DUNANT,Dunant,fr
DUNANT,Dunant,nl
DUNETTE,Dunette,fr
DUNETTE,Dunette,nl
EDDY MERCKX,Eddy Merckx,fr
EDDY MERCKX,Eddy Merckx,nl
EENENS,Eenens,fr
EENENS,Eenens,nl
EGGERGAT,Eggergat,fr
EGGERGAT,Eggergat,nl
EGIDE VAN OPHEM,Egide Van Ophem,fr
EGIDE VAN OPHEM,Egide Van Ophem,nl
EGLANTIERS,Églantiers,fr
EGLANTIERS,Wilderozen,nl
EGLISE ST-ANTOINE,Église Saint-Antoine,fr
EGLISE ST-ANTOINE,Sint-Antoonkerk,nl
EGLISE ST-JULIEN,Église Saint-Julien,fr
EGLISE ST-JULIEN,Sint-Juliaanskerk,nl
EGLISE ST-SERVAIS,Église Saint-Servais,fr
EGLISE ST-SERVAIS,Sint-Servaaskerk,nl
EGLISE WEZEMBEEK,Église Wezembeek,fr
EGLISE WEZEMBEEK,Kerk Wezembeek,nl
ELBERS,Elbers,fr
ELBERS,Elbers,nl
ELEPHANT,Éléphant,fr
ELEPHANT,Olifant,nl
ELISABETH,Elisabeth,fr
ELISABETH,Elisabeth,nl
ELOY,Eloy,fr
ELOY,Eloy,nl
EMILE DELVA,Emile Delva,fr
EMILE DELVA,Emile Delva,nl
EMPAIN,Empain,fr
EMPAIN,Empain,nl
ENGELAND,Engeland,fr
ENGELAND,Engeland,nl
ENNEPETAL,Ennepetal,fr
ENNEPETAL,Ennepetal,nl
ENTREPOT,Entrepôt,fr
ENTREPOT,Stapelhuis,nl
EQUIPAGES,Équipages,fr
EQUIPAGES,Jachtstoet,nl
ERASME,Erasme,fr
ERASME,Erasmus,nl
ERNEST SALU,Ernest Salu,fr
ERNEST SALU,Ernest Salu,nl
ESCRIME,Escrime,fr
ESCRIME,Schermkunst,nl
ESPLANADE,Esplanade,fr
ESPLANADE,Esplanade,nl
ETANGS,Étangs,fr
ETANGS,Vijvers,nl
ETANGS BOITSFORT,Étangs de Boitsfort,fr
ETANGS BOITSFORT,Vijvers van Bosvoorde,nl
ETANGS D'IXELLES,Étangs d'Ixelles,fr
ETANGS D'IXELLES,Vijvers van Elsene,nl
ETANGS NOIRS,Étangs Noirs,fr
ETANGS NOIRS,Zwarte Vijvers,nl
ETTERBEEK GARE,Etterbeek Gare,fr
ETTERBEEK GARE,Etterbeek Station,nl
EUGENE TOUSSAINT,Eugène Toussaint,fr
EUGENE TOUSSAINT,Eugène Toussaint,nl
EUROCONTROL,Eurocontrol,fr
EUROCONTROL,Eurocontrol,nl
EVERE SHOPPING,Evere Shopping,fr
EVERE SHOPPING,Evere Shopping,nl
EXPOSITION,Exposition,fr
EXPOSITION,Tentoonstelling,nl
FAIDER,Faider,fr
FAIDER,Faider,nl
FAUCONNERIE,Fauconnerie,fr
FAUCONNERIE,Valkerij,nl
FERME NOS PILIFS,Ferme Nos Pilifs,fr
FERME NOS PILIFS,Ferme Nos Pilifs,nl
FERNAND COCQ,Fernand Cocq,fr
FERNAND COCQ,Fernand Cocq,nl
FERNAND LEGER,Fernand Léger,fr
FERNAND LEGER,Fernand Léger,nl
FERNANDE VOLRAL,Fernande Volral,fr
FERNANDE VOLRAL,Fernande Volral,nl
FETIS,Fétis,fr
FETIS,Fétis,nl
FEVRIER,Février,fr
FEVRIER,Februari,nl
FIRMIN LECHARLIER,Firmin Lecharlier,fr
FIRMIN LECHARLIER,Firmin Lecharlier,nl
FLAGEY,Flagey,fr
FLAGEY,Flagey,nl
FLORIDE,Floride,fr
FLORIDE,Florida,nl
FONSON,Fonson,fr
FONSON,Fonson,nl
FOREST (BERVOETS),Forest (Bervoets),fr
FOREST (BERVOETS),Vorst (Bervoets),nl
FOREST CENTRE,Forest Centre,fr
FOREST CENTRE,Vorst Centrum,nl
FOREST NATIONAL,Forest National,fr
FOREST NATIONAL,Vorst Nationaal,nl
FORESTERIE,Foresterie,fr
FORESTERIE,Vorsterie,nl
FORESTOISE,Forestoise,fr
FORESTOISE,Forestoise,nl
FORT-JACO,Fort-Jaco,fr
FORT-JACO,Fort-Jaco,nl
FORUM,Forum,fr
FORUM,Forum,nl
FOYER JETTOIS,Foyer Jettois,fr
FOYER JETTOIS,Jetse Haard,nl
FOYER SCHAERBEEK.,Foyer Schaerbeekois,fr
FOYER SCHAERBEEK.,Schaarbeekse Haard,nl
FRAITEUR,Fraiteur,fr
FRAITEUR,Fraiteur,nl
FRANS COURTENS,Frans Courtens,fr
FRANS COURTENS,Frans Courtens,nl
FRANS HALS,Frans Hals,fr
FRANS HALS,Frans Hals,nl
FROISSART,Froissart,fr
FROISSART,Froissart,nl
FRUITS,Fruits,fr
FRUITS,Fruit,nl
FUSEE,Fusée,fr
FUSEE,Raket,nl
FUSS,Fuss,fr
FUSS,Fuss,nl
FUTAIE,Futaie,fr
FUTAIE,Futaie,nl
GALLAIT,Gallait,fr
GALLAIT,Gallait,nl
GANSHOREN-SPORT,Ganshoren-Sport,fr
GANSHOREN-SPORT,Ganshoren-Sport,nl
GARDON,Gardon,fr
GARDON,Voorn,nl
GARE CENTRALE,Gare Centrale,fr
GARE CENTRALE,Centraal Station,nl
GARE D'EVERE,Gare d'Evere,fr
GARE D'EVERE,Station Evere,nl
GARE DE BERCHEM,Gare de Berchem,fr
GARE DE BERCHEM,Station Berchem,nl
GARE DE BOCKSTAEL,Gare de Bockstael,fr
GARE DE BOCKSTAEL,Station Bockstael,nl
GARE DE HAREN-SUD,Gare de Haren-Sud,fr
GARE DE HAREN-SUD,Station Haren-Zuid,nl
GARE DE JETTE,Gare de Jette,fr
GARE DE JETTE,Station Jette,nl
GARE DE L'OUEST,Gare de l'Ouest,fr
GARE DE L'OUEST,Weststation,nl
GARE DE LINKEBEEK,Gare de Linkebeek,fr
GARE DE LINKEBEEK,Station Linkebeek,nl
GARE DE SAINT-JOB,Gare de Saint-Job,fr
GARE DE SAINT-JOB,Station Sint-Job,nl
GARE DU MIDI,Gare du Midi,fr
GARE DU MIDI,Zuidstation,nl
GARE DU NORD,Gare du Nord,fr
GARE DU NORD,Noordstation,nl
GATTI DE GAMOND,Gatti de Gamond,fr
GATTI DE GAMOND,Gatti de Gamond,nl
GAULOIS,Gaulois,fr
GAULOIS,Galliërs,nl
GAZELLE,Gazelle,fr
GAZELLE,Gazelle,nl
GEEFS,Geefs,fr
GEEFS,Geefs,nl
GENDARMES,Gendarmes,fr
GENDARMES,Gendarmen,nl
GENEVE,Genève,fr
GENEVE,Genève,nl
GENOT,Genot,fr
GENOT,Genot,nl
GEO BERNIER,Géo Bernier,fr
GEO BERNIER,Géo Bernier,nl
GEORGES BRUGMANN,Georges Brugmann,fr
GEORGES BRUGMANN,Georges Brugmann,nl
GEORGES HENRI,Georges Henri,fr
GEORGES HENRI,Georges Henri,nl
GERGEL,Gergel,fr
GERGEL,Gergel,nl
GERMOIR,Germoir,fr
GERMOIR,Mouterij,nl
GERSIS,Gersis,fr
GERSIS,Gersis,nl
GILLON,Gillon,fr
GILLON,Gillon,nl
GILSON,Gilson,fr
GILSON,Gilson,nl
GINETTE JAVAUX,Ginette Javaux,fr
GINETTE JAVAUX,Ginette Javaux,nl
GJ MARTIN,GJ Martin,fr
GJ MARTIN,GJ Martin,nl
GLIBERT,Glibert,fr
GLIBERT,Glibert,nl
GLOBE,Globe,fr
GLOBE,Globe,nl
GOFFIN,Goffin,fr
GOFFIN,Goffin,nl
GOSSART,Gossart,fr
GOSSART,Gossart,nl
GRAND SABLON,Grand Sablon,fr
GRAND SABLON,Grote Zavel,nl
GRAND'ROUTE,Grand'Route,fr
GRAND'ROUTE,Grote Baan,nl
GRAND-PLACE,Grand-Place,fr
GRAND-PLACE,Grote Markt,nl
GRIBAUMONT,Gribaumont,fr
GRIBAUMONT,Gribaumont,nl
GRIOTTES,Griottes,fr
GRIOTTES,Noordkrieken,nl
GROELSTVELD,Groelstveld,fr
GROELSTVELD,Groelstveld,nl
GROENINGHE,Groeninghe,fr
GROENINGHE,Groeninghe,nl
GROOT-BIJGAARDEN,Groot-Bijgaarden,fr
GROOT-BIJGAARDEN,Groot-Bijgaarden,nl
GUEUX,Gueux,fr
GUEUX,Geuzen,nl
GUI,Gui,fr
GUI,Marentak,nl
GUILL. DE GREEF,Guillaume De Greef,fr
GUILL. DE GREEF,Guillaume De Greef,nl
GUILLAUME,Guillaume,fr
GUILLAUME,Guillaume,nl
GUILLAUME TELL,Guillaume Tell,fr
GUILLAUME TELL,Willem Tell,nl
GULLEDELLE,Gulledelle,fr
GULLEDELLE,Gulledelle,nl
GUTENBERG,Gutenberg,fr
GUTENBERG,Gutenberg,nl
HANKAR,Hankar,fr
HANKAR,Hankar,nl
HANNETONS,Hannetons,fr
HANNETONS,Meikevers,nl
HANSSENSPARK,Hanssenspark,fr
HANSSENSPARK,Hanssenspark,nl
HAREN,Haren,fr
HAREN,Haren,nl
HEEMBEEK,Heembeek,fr
HEEMBEEK,Heembeek,nl
HEILIGENBORRE,Heiligenborre,fr
HEILIGENBORRE,Heiligenborre,nl
HELDENPLEIN,Heldenplein,fr
HELDENPLEIN,Heldenplein,nl
HELIOTROPES,Héliotropes,fr
HELIOTROPES,Heliotropen,nl
HELLEVELT,Hellevelt,fr
HELLEVELT,Hellevelt,nl
HELMET,Helmet,fr
HELMET,Helmet,nl
HENRIETTE LAUWERS,Henriette Lauwers,fr
HENRIETTE LAUWERS,Henriette Lauwers,nl
HERMAN,Herman,fr
HERMAN,Herman,nl
HERMES,Hermes,fr
HERMES,Hermes,nl
HERNALSTEEN,Hernalsteen,fr
HERNALSTEEN,Hernalsteen,nl
HEROS,Héros,fr
HEROS,Helden,nl
HERRMANN-DEBROUX,Herrmann-Debroux,fr
HERRMANN-DEBROUX,Herrmann-Debroux,nl
HET VEROOST,Het Veroost,fr
HET VEROOST,Het Veroost,nl
HEYDENBERG,Heydenberg,fr
HEYDENBERG,Heydenberg,nl
HEYSEL,Heysel,fr
HEYSEL,Heizel,nl
HIPPOD. BOITSFORT,Hippodrome de Boitsfort,fr
HIPPOD. BOITSFORT,Renbaan van Bosvoorde,nl
HIPPODROME,Hippodrome,fr
HIPPODROME,Hippodroom,nl
HOEDEMAEKERS,Hoedemaekers,fr
HOEDEMAEKERS,Hoedemaekers,nl
HOF TEN BERG,Hof ten Berg,fr
HOF TEN BERG,Hof ten Berg,nl
HOF TER MUSSCHEN,Hof ter Musschen,fr
HOF TER MUSSCHEN,Hof ter Musschen,nl
HOMBORCH,Homborch,fr
HOMBORCH,Homborch,nl
HOME HEYDEKEN,Home Heydeken,fr
HOME HEYDEKEN,Rusthuis Heydeken,nl
HOOGBOSCH,Hoogbosch,fr
HOOGBOSCH,Hoogbosch,nl
HOP. DES ENFANTS,Hôpital des Enfants,fr
HOP. DES ENFANTS,Kinderziekenhuis,nl
HOP. ETT.-IXELLES,Hôpital Etterbeek-Ixelles,fr
HOP. ETT.-IXELLES,Ziekenhuis Etterbeek-Elsene,nl
HOP. MILITAIRE,Hôpital Militaire,fr
HOP. MILITAIRE,Militair Hospitaal,nl
HOP. PAUL BRIEN,Hôpital Paul Brien,fr
HOP. PAUL BRIEN,Paul Brien-ziekenhuis,nl
HOP. SAINT-PIERRE,Hôpital Saint-Pierre,fr
HOP. SAINT-PIERRE,Sint-Pieters-ziekenhuis,nl
HOP.STE-ELISABETH,Hôpital Sainte-Élisabeth,fr
HOP.STE-ELISABETH,Sint-Elizabeth-ziekenhuis,nl
HOPITAL BRACOPS,Hôpital Joseph Bracops,fr
HOPITAL BRACOPS,Joseph Bracops-ziekenhuis,nl
HOPITAL BRUGMANN,Hôpital Brugmann,fr
HOPITAL BRUGMANN,Brugmann-ziekenhuis,nl
HOPITAL MILITAIRE,Hôpital Militaire,fr
HOPITAL MILITAIRE,Militair Hospitaal,nl
HORTA,Horta,fr
HORTA,Horta,nl
HOSPICES,Hospices,fr
HOSPICES,Godshuizen,nl
HOTEL DES MONNAIES,Hôtel des Monnaies,fr
HOTEL DES MONNAIES,Munthof,nl
HOUBA-BRUGMANN,Houba-Brugmann,fr
HOUBA-BRUGMANN,Houba-Brugmann,nl
HOUWAERT,Houwaert,fr
HOUWAERT,Houwaert,nl
HOUZEAU,Houzeau,fr
HOUZEAU,Houzeau,nl
HUART-HAMOIR,Huart-Hamoir,fr
HUART-HAMOIR,Huart-Hamoir,nl
HUIT HEURES,Huit Heures,fr
HUIT HEURES,Acht Uren,nl
HUMANITE,Humanité,fr
HUMANITE,Humaniteit,nl
HUNDERENVELD,Hunderenveld,fr
HUNDERENVELD,Hunderenveld,nl
HYMANS,Hymans,fr
HYMANS,Hymans,nl
ICHEC,ICHEC,fr
ICHEC,ICHEC,nl
IDALIE,Idalie,fr
IDALIE,Idalie,nl
ILE SAINTE-HELENE,Île Sainte-Hélène,fr
ILE SAINTE-HELENE,Eiland Sint-Helena,nl
IMPRIMERIE,Imprimerie,fr
IMPRIMERIE,Drukkerij,nl
INTERNAT. SCHOOL,International School,fr
INTERNAT. SCHOOL,International School,nl
INTERNATIONAL,International,fr
INTERNATIONAL,Internationaal,nl
JACOBS FONTAINE,Jacobs Fontaine,fr
JACOBS FONTAINE,Jacobs Fontaine,nl
JACQUES BREL,Jacques Brel,fr
JACQUES BREL,Jacques Brel,nl
JAKOB SMITS,Jakob Smits,fr
JAKOB SMITS,Jakob Smits,nl
JAMBLINNE DE MEUX,de Jamblinne de Meux,fr
JAMBLINNE DE MEUX,de Jamblinne de Meux,nl
JANSON,Janson,fr
JANSON,Janson,nl
JARDIN MASSART,Jardin Massart,fr
JARDIN MASSART,Massarttuin,nl
JEANNE,Jeanne,fr
JEANNE,Johanna,nl
JEANNE HERREMAN,Jeanne Herreman,fr
JEANNE HERREMAN,Jeanne Herreman,nl
JESPERS,Jespers,fr
JESPERS,Jespers,nl
JEU DE BALLE,Jeu de Balle,fr
JEU DE BALLE,Vossenplein,nl
JOSAPHAT,Josaphat,fr
JOSAPHAT,Josaphat,nl
JOSEPH BAECK,Joseph Baeck,fr
JOSEPH BAECK,Joseph Baeck,nl
JOSEPH.-CHARLOTTE,Joséphine-Charlotte,fr
JOSEPH.-CHARLOTTE,Joséphine-Charlotte,nl
JOURDAN,Jourdan,fr
JOURDAN,Jourdan,nl
JUBILE,Jubilé,fr
JUBILE,Jubelfeest,nl
JULES BORDET,Jules Bordet,fr
JULES BORDET,Jules Bordet,nl
JULES CESAR,Jules César,fr
JULES CESAR,Julius Caesar,nl
JULES DE TROOZ,Jules De Trooz,fr
JULES DE TROOZ,Jules De Trooz,nl
JUPITER,Jupiter,fr
JUPITER,Jupiter,nl
KAPEL RUISBROEK,Kapel Ruisbroek,fr
KAPEL RUISBROEK,Kapel Ruisbroek,nl
KAREL BOGAERD,Karel Bogaerd,fr
KAREL BOGAERD,Karel Bogaerd,nl
KARREVELD,Karreveld,fr
KARREVELD,Karreveld,nl
KASTEEL BEAULIEU,Kasteel Beaulieu,fr
KASTEEL BEAULIEU,Kasteel Beaulieu,nl
KATTENBERG,Kattenberg,fr
KATTENBERG,Kattenberg,nl
KELLE,Kelle,fr
KELLE,Kelle,nl
KERK MACHELEN,Kerk Machelen,fr
KERK MACHELEN,Kerk Machelen,nl
KERK RUISBROEK,Kerk Ruisbroek,fr
KERK RUISBROEK,Kerk Ruisbroek,nl
KERK VILVOORDE,Kerk Vilvoorde,fr
KERK VILVOORDE,Kerk Vilvoorde,nl
KEYENBEMPT,Keyenbempt,fr
KEYENBEMPT,Keyenbempt,nl
KEYM,Keym,fr
KEYM,Keym,nl
KLAKKEDELLE,Klakkedelle,fr
KLAKKEDELLE,Klakkedelle,nl
KONINGIN FABIOLA,Koningin Fabiola,fr
KONINGIN FABIOLA,Koningin Fabiola,nl
KONKEL,Konkel,fr
KONKEL,Konkel,nl
KRAAINEM,Kraainem,fr
KRAAINEM,Kraainem,nl
KRAAINEM-SHOPPING,Kraainem-Shopping,fr
KRAAINEM-SHOPPING,Kraainem-Shopping,nl
KRUIPWEG,Kruipweg,fr
KRUIPWEG,Kruipweg,nl
KURTH,Kurth,fr
KURTH,Kurth,nl
LA CHASSE,La Chasse,fr
LA CHASSE,De Jacht,nl
LA ROUE,La Roue,fr
LA ROUE,Het Rad,nl
LABEUR,Labeur,fr
LABEUR,Arbeid,nl
LAEKEBEEK,Laekebeek,fr
LAEKEBEEK,Laekebeek,nl
LAINE,Laîné,fr
LAINE,Laîné,nl
LANCASTER,Lancaster,fr
LANCASTER,Lancaster,nl
LANGEVELD,Langeveld,fr
LANGEVELD,Langeveld,nl
LATINIS,Latinis,fr
LATINIS,Latinis,nl
LE ROUX,Le Roux,fr
LE ROUX,Le Roux,nl
LEFRANCQ,Lefrancq,fr
LEFRANCQ,Lefrancq,nl
LEGRAND,Legrand,fr
LEGRAND,Legrand,nl
LEKAERTS,Lekaerts,fr
LEKAERTS,Lekaerts,nl
LEMAN,Leman,fr
LEMAN,Leman,nl
LEMONNIER,Lemonnier,fr
LEMONNIER,Lemonnier,nl
LENNEKE MARE,Lenneke Mare,fr
LENNEKE MARE,Lenneke Mare,nl
LENOIR,Lenoir,fr
LENOIR,Lenoir,nl
LEOPOLD I,Léopold I,fr
LEOPOLD I,Leopold I,nl
LEOPOLD II,Léopold II,fr
LEOPOLD II,Leopold II,nl
LEOPOLD III,Léopold III,fr
LEOPOLD III,Leopold III,nl
LEPOUTRE,Lepoutre,fr
LEPOUTRE,Lepoutre,nl
LEROY,Leroy,fr
LEROY,Leroy,nl
LES 3 TILLEULS,Les Trois Tilleuls,fr
LES 3 TILLEULS,Drie Linden,nl
LEVIE,Levie,fr
LEVIE,Levie,nl
LEVURE,Levure,fr
LEVURE,Gist,nl
LIBERTE,Liberté,fr
LIBERTE,Vrijheid,nl
LIEDTS,Liedts,fr
LIEDTS,Liedts,nl
LIVERPOOL,Liverpool,fr
LIVERPOOL,Liverpool,nl
LOISIRS,Loisirs,fr
LOISIRS,Vrijetijd,nl
LOMBARDIE,Lombardie,fr
LOMBARDIE,Lombardije,nl
LONDRES,Londres,fr
LONDRES,Londen,nl
LONG BONNIER,Long Bonnier,fr
LONG BONNIER,Lange Bunder,nl
LONG-CHENE,Long-Chêne,fr
LONG-CHENE,Lange Eik,nl
LONGCHAMP,Longchamp,fr
LONGCHAMP,Longchamp,nl
LORGE,Lorge,fr
LORGE,Lorge,nl
LOT STATION,Lot Station,fr
LOT STATION,Lot Station,nl
LOUIS BERTRAND,Louis Bertrand,fr
LOUIS BERTRAND,Louis Bertrand,nl
LOUIS HAP,Louis Hap,fr
LOUIS HAP,Louis Hap,nl
LOUIS MARCELIS,Louis Marcelis,fr
LOUIS MARCELIS,Louis Marcelis,nl
LOUISE,Louise,fr
LOUISE,Louiza,nl
LOUTRIER,Loutrier,fr
LOUTRIER,Ottervanger,nl
LOWET,Lowet,fr
LOWET,Lowet,nl
LUTHER,Luther,fr
LUTHER,Luther,nl
LUXEMBOURG,Luxembourg,fr
LUXEMBOURG,Luxemburg,nl
M. YOURCENAR,Marguerite Yourcenar,fr
M. YOURCENAR,Marguerite Yourcenar,nl
MA CAMPAGNE,Ma Campagne,fr
MA CAMPAGNE,Ma Campagne,nl
MABRU,Mabru,fr
MABRU,Mabru,nl
MACHELEN,Machelen,fr
MACHELEN,Machelen,nl
MACHELENSTRAAT,Machelenstraat,fr
MACHELENSTRAAT,Machelenstraat,nl
MACHTENS,Machtens,fr
MACHTENS,Machtens,nl
MADELEINE,Madeleine,fr
MADELEINE,Magdalena,nl
MADOU,Madou,fr
